unit_of_measure,year_from,year_to,brl_factor
Mil Cruzeiros,1942,1966,0.0000000000003636363636363636
Mil Cruzeiros Novos,1967,1969,0.0000000003636363636363636
Mil Cruzeiros,1970,1985,0.0000000003636363636363636
Mil Cruzados,1986,1988,0.0000003636363636363636
Mil Cruzados Novos,1989,1989,0.0003636363636363636
Mil Cruzeiros,1990,1992,0.0003636363636363636
Mil Cruzeiros Reais,1993,1993,0.36363636363636365
Mil Reais,1994,2099,1000.0
