unit_of_measure,brl_factor
Mil Cruzados,0.0000003636363636363636
Mil Cruzados Novos,0.0003636363636363636
Mil Cruzeiros,0.0003636363636363636
Mil Cruzeiros Reais,0.36363636363636365
Mil Reais,1000.0
